pickupLatitude,pickupLongitude,No of orders
9.46117020° N,76.55870056° E,46
9.46166039° N,76.55870056° E,10
9.61271954° N,77.95709991° E,82
9.70950985° N,76.67410278° E,12
9.89414978° N,76.71469879° E,15
9.97951984° N,76.47760010° E,5
9.98157978° N,76.58000183° E,6
10.11919975° N,76.47499847° E,17
10.20030022° N,76.38400269° E,38
10.53090000° N,76.20200348° E,24
10.75990009° N,78.68219757° E,69
10.79880047° N,78.68650055° E,107
10.82740021° N,78.68399811° E,33
10.82789993° N,78.68560028° E,4
10.97700024° N,76.21839905° E,15
11.12269974° N,76.11920166° E,13
11.66139984° N,76.25589752° E,30
11.86349964° N,75.40779877° E,38
11.86709976° N,75.37049866° E,5
12.04199982° N,75.35549927° E,56
12.11359978° N,75.21839905° E,12
12.33180046° N,75.08209991° E,9
12.42280006° N,75.73989868° E,18
12.72420025° N,77.83309937° E,6
12.72490025° N,77.81839752° E,1
12.76159954° N,77.70259857° E,1
12.78139973° N,77.76419830° E,33
12.78289986° N,77.76390076° E,22
12.78909969° N,77.70439911° E,9
12.79010010° N,80.22170258° E,513
12.79339981° N,77.70610046° E,40
12.80700016° N,77.69830322° E,11
12.80720043° N,77.69799805° E,5
12.81509972° N,77.51190186° E,2
12.82289982° N,74.85939789° E,36
12.82369995° N,77.68589783° E,110
12.82380009° N,77.68489838° E,20
12.82390022° N,77.68509674° E,2
12.82610035° N,77.51349640° E,56
12.83290005° N,80.04759979° E,227
12.83310032° N,80.04779816° E,41
12.83500004° N,77.69390106° E,2
12.83530045° N,77.69360352° E,5
12.83539963° N,77.69219971° E,6
12.83679962° N,77.67880249° E,216
12.83829975° N,77.65059662° E,1
12.83940029° N,77.65609741° E,1
12.83990002° N,77.65609741° E,1
12.83990002° N,77.65950012° E,17
12.84020042° N,77.65339661° E,8
12.84020042° N,77.65339661° E,11
12.84029961° N,77.65339661° E,2
12.84049988° N,77.66369629° E,20
12.84049988° N,77.65650177° E,2
12.84130001° N,77.64980316° E,2
12.84130001° N,77.64990234° E,3
12.84150028° N,77.64499664° E,1
12.84160042° N,77.64489746° E,1
12.84169960° N,77.67839813° E,120
12.84169960° N,77.64790344° E,160
12.84200001° N,77.67669678° E,5
12.84270000° N,77.64140320° E,252
12.84290028° N,77.64199829° E,17
12.84290028° N,77.64109802° E,5
12.84360027° N,77.64399719° E,1
12.84560013° N,77.68280029° E,8
12.84659958° N,77.68250275° E,4
12.84809971° N,77.65499878° E,1
12.84809971° N,77.65760040° E,5
12.85039997° N,77.65570068° E,72
12.85050011° N,77.66919708° E,2
12.85200024° N,77.65229797° E,"1,192"
12.85459995° N,77.58850098° E,70
12.85480022° N,77.58850098° E,22
12.85529995° N,77.58879852° E,185
12.85809994° N,77.61139679° E,40
12.85949993° N,77.58789825° E,7
12.85990047° N,77.61299896° E,10
12.86030006° N,77.55860138° E,1
12.86170006° N,77.59970093° E,105
12.86369991° N,77.67590332° E,"1,985"
12.86419964° N,77.58000183° E,4
12.86429977° N,77.58000183° E,1
12.86530018° N,77.59950256° E,153
12.86540031° N,77.59829712° E,26
12.86810017° N,77.66159821° E,296
12.86849976° N,77.61859894° E,"1,079"
12.87020016° N,77.76699829° E,12
12.87059975° N,77.58350372° E,1
12.87080002° N,77.58329773° E,249
12.87090015° N,77.57980347° E,14
12.87290001° N,77.65049744° E,7
12.87329960° N,77.61679840° E,2
12.87370014° N,77.61679840° E,1
12.87380028° N,77.64389801° E,120
12.87430000° N,77.76619720° E,1
12.87469959° N,77.76609802° E,40
12.87479973° N,77.53649902° E,3
12.87500000° N,77.64800262° E,393
12.87510014° N,77.76609802° E,3
12.87530041° N,77.54360199° E,20
12.87530041° N,77.53469849° E,1
12.87590027° N,77.61699677° E,27
12.87590027° N,77.59580231° E,2
12.87590027° N,77.59570313° E,146
12.87600040° N,77.61660004° E,73
12.87600040° N,77.61620331° E,11
12.87619972° N,77.61589813° E,2
12.87619972° N,77.61589813° E,2
12.87650013° N,77.63950348° E,11
12.87689972° N,77.61049652° E,54
12.88000011° N,77.65499878° E,16
12.88140011° N,77.67199707° E,33
12.88140011° N,77.59619904° E,7
12.88140011° N,77.59609985° E,48
12.88179970° N,77.65219879° E,10
12.88280010° N,77.65029907° E,40
12.88280010° N,77.54859924° E,185
12.88290024° N,77.56600189° E,13
12.88309956° N,77.54869843° E,4
12.88309956° N,77.64959717° E,166
12.88319969° N,77.54879761° E,63
12.88350010° N,77.58979797° E,9
12.88430023° N,77.54109955° E,107
12.88430023° N,77.60379791° E,20
12.88529968° N,77.60220337° E,230
12.88549995° N,77.56369781° E,47
12.88580036° N,77.54530334° E,5
12.88599968° N,77.74340057° E,1
12.88609982° N,77.74359894° E,1
12.88650036° N,77.59619904° E,8
12.88689995° N,77.60590363° E,16
12.88689995° N,77.74099731° E,40
12.88749981° N,77.58640289° E,185
12.88759995° N,77.47209930° E,6
12.88780022° N,77.56300354° E,1
12.88799953° N,77.58679962° E,"2,066"
12.88840008° N,77.59169769° E,69
12.88920021° N,77.60230255° E,23
12.88930035° N,77.62020111° E,14
12.88930035° N,77.64969635° E,36
12.88959980° N,77.60109711° E,35
12.88959980° N,77.59390259° E,25
12.89000034° N,77.58180237° E,30
12.89009953° N,77.64689636° E,27
12.89039993° N,77.64949799° E,21
12.89109993° N,77.59860229° E,37
12.89120007° N,77.59860229° E,3
12.89179993° N,77.57800293° E,28
12.89190006° N,77.58000183° E,4
12.89200020° N,77.58010101° E,4
12.89220047° N,77.63770294° E,26
12.89249992° N,77.64749908° E,56
12.89260006° N,77.62000275° E,26
12.89299965° N,77.61180115° E,27
12.89319992° N,77.62000275° E,31
12.89330006° N,77.58609772° E,1
12.89340019° N,77.66310120° E,133
12.89369965° N,77.65670013° E,11
12.89369965° N,77.65660095° E,3
12.89369965° N,77.58619690° E,1
12.89430046° N,77.56829834° E,40
12.89439964° N,77.62010193° E,21
12.89439964° N,77.56849670° E,1
12.89439964° N,77.62020111° E,101
12.89449978° N,77.56839752° E,10
12.89649963° N,77.58609772° E,34
12.89780045° N,77.62090302° E,23
12.89789963° N,77.65830231° E,27
12.89830017° N,77.55840302° E,37
12.89859962° N,77.61789703° E,31
12.89869976° N,77.58599854° E,1
12.89939976° N,77.60500336° E,7
12.89990044° N,77.67530060° E,3
12.90089989° N,77.64869690° E,2
12.90089989° N,77.67549896° E,14
12.90100002° N,77.67569733° E,14
12.90159988° N,77.62480164° E,5
12.90200043° N,77.58580017° E,1
12.90209961° N,77.58580017° E,3
12.90209961° N,77.55760193° E,64
12.90209961° N,77.55750275° E,1
12.90229988° N,77.62390137° E,132
12.90270042° N,77.52130127° E,63
12.90279961° N,77.51159668° E,604
12.90279961° N,77.52100372° E,2
12.90299988° N,77.66220093° E,2
12.90349960° N,79.13200378° E,2
12.90349960° N,77.65000153° E,53
12.90359974° N,77.60769653° E,22
12.90369987° N,77.51069641° E,3
12.90369987° N,77.59929657° E,1
12.90439987° N,77.67600250° E,62
12.90450001° N,77.52749634° E,34
12.90460014° N,77.64309692° E,141
12.90470028° N,77.67590332° E,6
12.90489960° N,77.64450073° E,21
12.90489960° N,77.52130127° E,3
12.90489960° N,77.60140228° E,12
12.90489960° N,77.52130127° E,17
12.90540028° N,77.64409637° E,5
12.90569973° N,77.60160065° E,60
12.90590000° N,77.55829620° E,162
12.90600014° N,77.63770294° E,"2,133"
12.90600014° N,77.69740295° E,852
12.90600014° N,77.55819702° E,7
12.90620041° N,77.64890289° E,66
12.90690041° N,77.55970001° E,12
12.90730000° N,77.52100372° E,10
12.90730000° N,77.67559814° E,6
12.90740013° N,77.60089874° E,8
12.90740013° N,77.60130310° E,3
12.90750027° N,77.60119629° E,163
12.90760040° N,77.52089691° E,2
12.90789986° N,77.60119629° E,1
12.90789986° N,77.68900299° E,148
12.90789986° N,77.60089874° E,1
12.90839958° N,77.68370056° E,1
12.90849972° N,77.67630005° E,7
12.90849972° N,77.67630005° E,1
12.90859985° N,77.63500214° E,11
12.90929985° N,77.63870239° E,1
12.90929985° N,77.68769836° E,7
12.90939999° N,77.68779755° E,3
12.90939999° N,77.63950348° E,1
12.90939999° N,77.56420135° E,27
12.90950012° N,77.68759918° E,4
12.90950012° N,77.63269806° E,3
12.90960026° N,77.68109894° E,176
12.90970039° N,77.68810272° E,1
12.90989971° N,77.64920044° E,7
12.90989971° N,77.68550110° E,1
12.91009998° N,77.51360321° E,10
12.91020012° N,77.48349762° E,1
12.91049957° N,77.58190155° E,8
12.91160011° N,77.64810181° E,1
12.91170025° N,77.68170166° E,24
12.91180038° N,77.55650330° E,64
12.91189957° N,77.63819885° E,57
12.91219997° N,77.52110291° E,1
12.91219997° N,77.64630127° E,1
12.91230011° N,77.62709808° E,1
12.91230011° N,77.65190125° E,2
12.91240025° N,77.64219666° E,2
12.91240025° N,77.63289642° E,64
12.91240025° N,77.64219666° E,1
12.91240025° N,77.68119812° E,275
12.91240025° N,77.60639954° E,5
12.91240025° N,77.60630035° E,1
12.91300011° N,77.62770081° E,1
12.91320038° N,77.61009979° E,1
12.91320038° N,77.61000061° E,9
12.91329956° N,77.64900208° E,36
12.91339970° N,77.61009979° E,31
12.91349983° N,77.63829803° E,1
12.91349983° N,77.54100037° E,627
12.91380024° N,77.66660309° E,3
12.91380024° N,77.52079773° E,30
12.91390038° N,77.66680145° E,1
12.91399956° N,77.62999725° E,2
12.91419983° N,77.60620117° E,6
12.91419983° N,77.60630035° E,34
12.91460037° N,77.58560181° E,10
12.91460037° N,77.55999756° E,"1,446"
12.91469955° N,77.68119812° E,2
12.91469955° N,77.58570099° E,1
12.91479969° N,77.63829803° E,9
12.91489983° N,77.51969910° E,241
12.91520023° N,77.63539886° E,1
12.91520023° N,77.63539886° E,1
12.91539955° N,77.50060272° E,111
12.91539955° N,77.64759827° E,2
12.91539955° N,77.61009979° E,2
12.91569996° N,77.59510040° E,28
12.91600037° N,77.62799835° E,1
12.91600037° N,77.61039734° E,2
12.91619968° N,77.57569885° E,13
12.91639996° N,77.55460358° E,1
12.91650009° N,77.60459900° E,297
12.91660023° N,77.54199982° E,5
12.91660023° N,77.59690094° E,1
12.91670036° N,77.47959900° E,3
12.91670036° N,77.55480194° E,17
12.91679955° N,77.61160278° E,2
12.91679955° N,77.66870117° E,1
12.91709995° N,77.63120270° E,3
12.91740036° N,77.55500031° E,3
12.91740036° N,77.63800049° E,2
12.91749954° N,77.59339905° E,62
12.91749954° N,77.51360321° E,9
12.91749954° N,77.48249817° E,53
12.91759968° N,77.63200378° E,26
12.91800022° N,77.55970001° E,9
12.91810036° N,77.55439758° E,1
12.91860008° N,77.66999817° E,3
12.91889954° N,77.59210205° E,4
12.91899967° N,77.50910187° E,89
12.91919994° N,77.66860199° E,10
12.91940022° N,77.67600250° E,2
12.91950035° N,77.65000153° E,1
12.91959953° N,77.48329926° E,27
12.92020035° N,77.61049652° E,137
12.92029953° N,77.59680176° E,1
12.92039967° N,77.68740082° E,4
12.92049980° N,77.68710327° E,2
12.92070007° N,77.61070251° E,16
12.92109966° N,77.60240173° E,34
12.92119980° N,77.63330078° E,22
12.92160034° N,77.56960297° E,17
12.92179966° N,77.67790222° E,244
12.92210007° N,77.73650360° E,4
12.92230034° N,77.73670197° E,1
12.92290020° N,77.48459625° E,15
12.92319965° N,77.55660248° E,7
12.92319965° N,77.58869934° E,1
12.92329979° N,77.69509888° E,1
12.92329979° N,77.55650330° E,2
12.92370033° N,77.57260132° E,4
12.92370033° N,77.51820374° E,141
12.92409992° N,77.56739807° E,1
12.92430019° N,77.48570251° E,4
12.92440033° N,77.56420135° E,16
12.92450047° N,77.56430054° E,7
12.92450047° N,77.56549835° E,2
12.92469978° N,77.63680267° E,18
12.92500019° N,77.63739777° E,142
12.92510033° N,77.67420197° E,3
12.92510033° N,77.48529816° E,46
12.92529964° N,77.51789856° E,15
12.92539978° N,77.73719788° E,31
12.92539978° N,77.73699951° E,26
12.92549992° N,77.51789856° E,6
12.92549992° N,77.59519958° E,1
12.92560005° N,77.56420135° E,2
12.92580032° N,77.67530060° E,47
12.92599964° N,77.61280060° E,4
12.92669964° N,77.54779816° E,65
12.92679977° N,77.56120300° E,118
12.92689991° N,77.56469727° E,1
12.92700005° N,77.54789734° E,2
12.92700005° N,77.58640289° E,52
12.92700005° N,77.49030304° E,9
12.92710018° N,77.54789734° E,3
12.92710018° N,77.54789734° E,3
12.92730045° N,77.67030334° E,15
12.92739964° N,77.69219971° E,69
12.92759991° N,77.57800293° E,1
12.92790031° N,77.63729858° E,6
12.92800045° N,77.58609772° E,11
12.92840004° N,77.58149719° E,1
12.92850018° N,77.58239746° E,6
12.92850018° N,77.73829651° E,228
12.92860031° N,77.60030365° E,167
12.92860031° N,77.54540253° E,29
12.92920017° N,77.63439941° E,82
12.92969990° N,77.57230377° E,5
12.92990017° N,77.67259979° E,248
12.93000031° N,77.51509857° E,2
12.93039989° N,77.68520355° E,46
12.93080044° N,77.55439758° E,135
12.93099976° N,77.63300323° E,209
12.93099976° N,77.54620361° E,1
12.93109989° N,77.60099792° E,2
12.93169975° N,77.62290192° E,5
12.93190002° N,77.54090118° E,19
12.93270016° N,77.63469696° E,2
12.93280029° N,77.55650330° E,20
12.93290043° N,77.58280182° E,1
12.93290043° N,77.61470032° E,7
12.93299961° N,77.58159637° E,7
12.93400002° N,77.61039734° E,1
12.93410015° N,77.62719727° E,7
12.93470001° N,77.61609650° E,1
12.93480015° N,77.61589813° E,6
12.93480015° N,77.63020325° E,20
12.93480015° N,77.74349976° E,36
12.93500042° N,77.61609650° E,5
12.93509960° N,77.61360168° E,4
12.93509960° N,77.61340332° E,71
12.93519974° N,77.60949707° E,1
12.93550014° N,77.61419678° E,3
12.93579960° N,77.51770020° E,306
12.93579960° N,77.61499786° E,17
12.93579960° N,77.59259796° E,8
12.93630028° N,77.70330048° E,100
12.93640041° N,77.61470032° E,121
12.93649960° N,77.58450317° E,1
12.93690014° N,77.61990356° E,10
12.93700027° N,77.57189941° E,55
12.93719959° N,77.70230103° E,1
12.93729973° N,77.62439728° E,14
12.93729973° N,77.62449646° E,29
12.93760014° N,77.70259857° E,17
12.93760014° N,77.62689972° E,6
12.93780041° N,77.62680054° E,1
12.93789959° N,77.56849670° E,15
12.93799973° N,77.55740356° E,1
12.93830013° N,77.69899750° E,20
12.93830013° N,77.69899750° E,63
12.93850040° N,77.62609863° E,1
12.93859959° N,77.74330139° E,3
12.93889999° N,77.69509888° E,194
12.93920040° N,77.62640381° E,30
12.93949986° N,77.60939789° E,2
12.93949986° N,77.73590088° E,40
12.93959999° N,77.72380066° E,690
12.94029999° N,77.52490234° E,7
12.94040012° N,77.52480316° E,29
12.94040012° N,77.62519836° E,1
12.94120026° N,77.57990265° E,167
12.94139957° N,77.57990265° E,4
12.94139957° N,77.69840240° E,8
12.94180012° N,77.55529785° E,228
12.94190025° N,77.49130249° E,42
12.94229984° N,77.54920197° E,2
12.94260025° N,77.61509705° E,15
12.94260025° N,77.54740143° E,127
12.94330025° N,77.54190063° E,7
12.94429970° N,77.55410004° E,13
12.94439983° N,77.69490051° E,13
12.94509983° N,77.48860168° E,3
12.94569969° N,77.49579620° E,6
12.94600010° N,77.57150269° E,1
12.94659996° N,77.56990051° E,5
12.94709969° N,77.59919739° E,4
12.94719982° N,77.56860352° E,45
12.94799995° N,77.56890106° E,8
12.94820023° N,77.56880188° E,70
12.94830036° N,77.70480347° E,58
12.94859982° N,77.62760162° E,1
12.94859982° N,77.53639984° E,9
12.94900036° N,77.69960022° E,3
12.94909954° N,77.69960022° E,1
12.94939995° N,77.57460022° E,2
12.94950008° N,77.69969940° E,6
12.94970036° N,77.59609985° E,8
12.95009995° N,79.13690186° E,45
12.95129967° N,77.49299622° E,17
12.95139980° N,77.57669830° E,7
12.95139980° N,77.49530029° E,9
12.95149994° N,77.71970367° E,"2,865"
12.95199966° N,77.49790192° E,21
12.95250034° N,77.70619965° E,61
12.95370007° N,77.58119965° E,28
12.95479965° N,77.69799805° E,65
12.95489979° N,77.69789886° E,1
12.95549965° N,77.71289825° E,115
12.95639992° N,77.72160339° E,4
12.95660019° N,77.51860046° E,32
12.95670033° N,77.74389648° E,1
12.95670033° N,77.74389648° E,1
12.95670033° N,77.71479797° E,5
12.95670033° N,77.70880127° E,27
12.95670033° N,77.59230042° E,92
12.95680046° N,77.67990112° E,8
12.95680046° N,77.74559784° E,18
12.95680046° N,77.73629761° E,23
12.95709991° N,77.66259766° E,90
12.95709991° N,77.58999634° E,11
12.95720005° N,77.73750305° E,14
12.95740032° N,77.70880127° E,264
12.95800018° N,77.71579742° E,22
12.95820045° N,77.55919647° E,8
12.95829964° N,77.64129639° E,50
12.95849991° N,77.60590363° E,1
12.95860004° N,77.51920319° E,8
12.95870018° N,77.49579620° E,77
12.95890045° N,77.70159912° E,69
12.95899963° N,77.49369812° E,17
12.95909977° N,77.66139984° E,7
12.95930004° N,77.65699768° E,45
12.95930004° N,77.65440369° E,58
12.95930004° N,77.74710083° E,54
12.95960045° N,77.63839722° E,8
12.96010017° N,77.71369934° E,19
12.96010017° N,77.71610260° E,9
12.96059990° N,77.59819794° E,4
12.96059990° N,77.71690369° E,31
12.96070004° N,77.51999664° E,"1,214"
12.96090031° N,77.50740051° E,241
12.96100044° N,77.52809906° E,51
12.96100044° N,77.48549652° E,1
12.96100044° N,77.53730011° E,14
12.96119976° N,77.51020050° E,2
12.96129990° N,77.51059723° E,10
12.96140003° N,77.51059723° E,5
12.96160030° N,77.52639771° E,7
12.96179962° N,77.59420013° E,197
12.96210003° N,77.64189911° E,2
12.96230030° N,77.60410309° E,10
12.96249962° N,77.64299774° E,25
12.96249962° N,77.74939728° E,393
12.96339989° N,77.70890045° E,1
12.96339989° N,77.70890045° E,4
12.96339989° N,77.71320343° E,146
12.96350002° N,77.73239899° E,2
12.96389961° N,77.71230316° E,44
12.96409988° N,77.71269989° E,1
12.96440029° N,77.60590363° E,30
12.96450043° N,77.71450043° E,5
12.96459961° N,77.53510284° E,5
12.96469975° N,77.71620178° E,14
12.96469975° N,77.71600342° E,14
12.96479988° N,77.71569824° E,92
12.96510029° N,77.71820068° E,147
12.96549988° N,77.70189667° E,156
12.96599960° N,77.63800049° E,14
12.96609974° N,77.71399689° E,9
12.96640015° N,77.71410370° E,1
12.96679974° N,77.60240173° E,1
12.96700001° N,77.63710022° E,3
12.96710014° N,79.15350342° E,34
12.96730042° N,77.60910034° E,3
12.96730042° N,77.71389771° E,1
12.96739960° N,77.54380035° E,10
12.96749973° N,77.50309753° E,8
12.96770000° N,77.50209808° E,1
12.96780014° N,77.65309906° E,4
12.96790028° N,77.73410034° E,1
12.96800041° N,77.60729980° E,1
12.96809959° N,77.53600311° E,354
12.96829987° N,77.64820099° E,1
12.96829987° N,77.65029907° E,2
12.96850014° N,77.74960327° E,1
12.96899986° N,77.64810181° E,22
12.96940041° N,77.68299866° E,5
12.96959972° N,77.75260162° E,8
12.96969986° N,77.53649902° E,18
12.96980000° N,77.74970245° E,21
12.96980000° N,77.62850189° E,35
12.96990013° N,77.64730072° E,8
12.97010040° N,77.64019775° E,1
12.97010040° N,77.68219757° E,20
12.97010040° N,77.68219757° E,42
12.97010040° N,77.61009979° E,2
12.97049999° N,77.64730072° E,42
12.97140026° N,77.65840149° E,100
12.97140026° N,77.64759827° E,1
12.97150040° N,77.65219879° E,24
12.97150040° N,77.63580322° E,2
12.97159958° N,77.64710236° E,1
12.97189999° N,77.65499878° E,30
12.97200012° N,77.68109894° E,41
12.97210026° N,77.50849915° E,10
12.97210026° N,77.50800323° E,39
12.97229958° N,77.50789642° E,5
12.97329998° N,77.60759735° E,23
12.97340012° N,77.55169678° E,6
12.97369957° N,77.60739899° E,1
12.97399998° N,77.67880249° E,1
12.97430038° N,77.60690308° E,1
12.97430038° N,77.51920319° E,212
12.97449970° N,77.67870331° E,20
12.97459984° N,77.67859650° E,80
12.97469997° N,77.60659790° E,1
12.97509956° N,77.57039642° E,38
12.97529984° N,77.67340088° E,10
12.97560024° N,77.50949860° E,266
12.97560024° N,77.60299683° E,2
12.97630024° N,77.75109863° E,2
12.97739983° N,77.72489929° E,6
12.97749996° N,77.69290161° E,234
12.97770023° N,77.72499847° E,232
12.97789955° N,77.63610077° E,4
12.97809982° N,77.63829803° E,115
12.97819996° N,77.63780212° E,71
12.97819996° N,77.63500214° E,2
12.97859955° N,77.64350128° E,1
12.97879982° N,77.65799713° E,5
12.97879982° N,77.53900146° E,31
12.97889996° N,77.67839813° E,"2,371"
12.97920036° N,77.64320374° E,16
12.97970009° N,77.57510376° E,4
12.98029995° N,77.64640045° E,4
12.98069954° N,77.54319763° E,10
12.98099995° N,77.68000031° E,2
12.98099995° N,77.67990112° E,1
12.98110008° N,77.63670349° E,4
12.98139954° N,77.48529816° E,4
12.98139954° N,77.60859680° E,23
12.98149967° N,77.63690186° E,5
12.98180008° N,77.75789642° E,19
12.98190022° N,77.69670105° E,54
12.98239994° N,77.47940063° E,2
12.98260021° N,77.55690002° E,1
12.98279953° N,77.76300049° E,9
12.98289967° N,77.60669708° E,152
12.98369980° N,77.76650238° E,4
12.98429966° N,77.67659760° E,17
12.98429966° N,77.60150146° E,1
12.98449993° N,77.48629761° E,1
12.98449993° N,77.67639923° E,5
12.98460007° N,77.74919891° E,1
12.98490047° N,77.55349731° E,18
12.98530006° N,77.67330170° E,134
12.98530006° N,77.67310333° E,53
12.98550034° N,77.55410004° E,8
12.98600006° N,77.59510040° E,2
12.98610020° N,77.66850281° E,38
12.98630047° N,77.54149628° E,101
12.98630047° N,77.54149628° E,1
12.98639965° N,77.55570221° E,25
12.98659992° N,77.53720093° E,2
12.98670006° N,77.57929993° E,22
12.98670006° N,77.73670197° E,93
12.98680019° N,77.57959747° E,1
12.98700047° N,77.53720093° E,2
12.98709965° N,77.73650360° E,303
12.98709965° N,77.59510040° E,29
12.98750019° N,77.55599976° E,3
12.98789978° N,77.56130219° E,908
12.98799992° N,77.47429657° E,5
12.98830032° N,77.59390259° E,5
12.98869991° N,77.53749847° E,26
12.98919964° N,77.55010223° E,10
12.98929977° N,77.50039673° E,1
12.98939991° N,77.71189880° E,6
12.98960018° N,77.57209778° E,128
12.98960018° N,77.57209778° E,3
12.99069977° N,77.61350250° E,2
12.99090004° N,77.70649719° E,6
12.99139977° N,77.56649780° E,141
12.99160004° N,77.72029877° E,137
12.99170017° N,77.59429932° E,3
12.99180031° N,77.57119751° E,4
12.99180031° N,77.53769684° E,153
12.99180031° N,77.57119751° E,37
12.99199963° N,77.70279694° E,178
12.99209976° N,77.57099915° E,48
12.99230003° N,77.57099915° E,4
12.99230003° N,77.79070282° E,4
12.99240017° N,77.66790009° E,20
12.99269962° N,77.75289917° E,3
12.99279976° N,77.54589844° E,25
12.99279976° N,77.55639648° E,201
12.99300003° N,77.66190338° E,80
12.99359989° N,77.66179657° E,26
12.99400043° N,77.69950104° E,2
12.99400043° N,77.69940186° E,1
12.99400043° N,77.55069733° E,96
12.99409962° N,77.70040131° E,1
12.99419975° N,77.70030212° E,7
12.99460030° N,77.59359741° E,136
12.99470043° N,77.61540222° E,45
12.99499989° N,77.55139923° E,10
12.99569988° N,77.55480194° E,18
12.99569988° N,77.71970367° E,"1,309"
12.99610043° N,77.60440063° E,34
12.99619961° N,77.69529724° E,50
12.99650002° N,77.61779785° E,3
12.99680042° N,77.61129761° E,290
12.99689960° N,77.69280243° E,108
12.99689960° N,77.69670105° E,43
12.99709988° N,77.61450195° E,10
12.99730015° N,77.54779816° E,45
12.99740028° N,77.69699860° E,1
12.99750042° N,77.54660034° E,111
12.99759960° N,77.54669952° E,6
12.99769974° N,77.67369843° E,10
12.99769974° N,77.69709778° E,1
12.99790001° N,77.75579834° E,6
12.99790001° N,77.54080200° E,5
12.99860001° N,77.67569733° E,5
12.99960041° N,77.61360168° E,5
12.99979973° N,77.59940338° E,6
12.99979973° N,77.55249786° E,2
12.99979973° N,77.55249786° E,1
13.00010014° N,77.48699951° E,2
13.00039959° N,77.48480225° E,3
13.00189972° N,77.53639984° E,59
13.00189972° N,77.57810211° E,13
13.00199986° N,77.57250214° E,26
13.00230026° N,77.67479706° E,1
13.00230026° N,77.75700378° E,2
13.00240040° N,77.75710297° E,2
13.00259972° N,77.63480377° E,14
13.00269985° N,77.59950256° E,"1,916"
13.00290012° N,77.48819733° E,5
13.00310040° N,77.56430054° E,1
13.00319958° N,76.11319733° E,261
13.00319958° N,77.75700378° E,15
13.00329971° N,77.55850220° E,179
13.00349998° N,77.71279907° E,1
13.00380039° N,77.61299896° E,130
13.00389957° N,77.48789978° E,1
13.00419998° N,77.70739746° E,23
13.00450039° N,77.71160126° E,109
13.00450039° N,77.71970367° E,74
13.00469971° N,77.71350098° E,54
13.00520039° N,77.62329865° E,64
13.00520039° N,77.59629822° E,27
13.00609970° N,77.69779968° E,12
13.00650024° N,77.64499664° E,3
13.00739956° N,77.73320007° E,294
13.00829983° N,77.66200256° E,4
13.00839996° N,77.65529633° E,281
13.00839996° N,77.65529633° E,1
13.00850010° N,77.75890350° E,1
13.00860023° N,77.69580078° E,5
13.00860023° N,77.75869751° E,15
13.00879955° N,77.66729736° E,10
13.00889969° N,77.65609741° E,3
13.00889969° N,77.65039825° E,11
13.00909996° N,77.65029907° E,20
13.00920010° N,77.65640259° E,22
13.00979996° N,77.65769958° E,124
13.00979996° N,77.66760254° E,"3,139"
13.01049995° N,77.70459747° E,41
13.01089954° N,77.63510132° E,12
13.01140022° N,77.67340088° E,1
13.01150036° N,77.67279816° E,59
13.01280022° N,77.76270294° E,1
13.01350021° N,77.64949799° E,818
13.01360035° N,77.64869690° E,1
13.01469994° N,77.63559723° E,2
13.01480007° N,77.54409790° E,1
13.01500034° N,77.63569641° E,1
13.01500034° N,77.63569641° E,3
13.01509953° N,77.70169830° E,3
13.01519966° N,77.63929749° E,1
13.01529980° N,77.63950348° E,1
13.01539993° N,77.70939636° E,86
13.01570034° N,77.70929718° E,909
13.01609993° N,77.65049744° E,1
13.01630020° N,77.65070343° E,3
13.01690006° N,77.59159851° E,2
13.01700020° N,77.70610046° E,1
13.01739979° N,77.76249695° E,267
13.01900005° N,77.67839813° E,22
13.01910019° N,77.67299652° E,23
13.01920033° N,77.59249878° E,84
13.01920033° N,77.64739990° E,27
13.01930046° N,77.65579987° E,67
13.01970005° N,77.67389679° E,21
13.01990032° N,77.59220123° E,69
13.02019978° N,77.72260284° E,23
13.02029991° N,77.70480347° E,222
13.02060032° N,77.64320374° E,44
13.02079964° N,77.68550110° E,25
13.02079964° N,77.65699768° E,6
13.02099991° N,77.68160248° E,19
13.02120018° N,77.67749786° E,414
13.02149963° N,77.64330292° E,1
13.02149963° N,77.67199707° E,3
13.02149963° N,77.59239960° E,134
13.02169991° N,77.63999939° E,2
13.02260017° N,77.68969727° E,2
13.02270031° N,77.68990326° E,2
13.02299976° N,77.63960266° E,122
13.02309990° N,77.63700104° E,130
13.02330017° N,77.69010162° E,2
13.02330017° N,77.63960266° E,4
13.02340031° N,77.63700104° E,12
13.02350044° N,77.69599915° E,7
13.02350044° N,77.65090179° E,1
13.02400017° N,77.59259796° E,5
13.02410030° N,77.59179688° E,11
13.02420044° N,77.69400024° E,48
13.02420044° N,77.59670258° E,12
13.02429962° N,77.65119934° E,62
13.02460003° N,77.59449768° E,48
13.02460003° N,77.54859924° E,66
13.02490044° N,77.67910004° E,55
13.02560043° N,77.63009644° E,2
13.02560043° N,77.62760162° E,62
13.02560043° N,77.58100128° E,20
13.02620029° N,77.63600159° E,381
13.02649975° N,77.58769989° E,26
13.02649975° N,77.59339905° E,1
13.02719975° N,77.74729919° E,770
13.02729988° N,77.59359741° E,170
13.02729988° N,77.66519928° E,11
13.02729988° N,77.57180023° E,1
13.02820015° N,77.54229736° E,2
13.02820015° N,77.68900299° E,18
13.02869987° N,77.54509735° E,2
13.02900028° N,77.57070160° E,2
13.02950001° N,77.55930328° E,7
13.02970028° N,77.56079865° E,2
13.02989960° N,77.63480377° E,9
13.03059959° N,77.69280243° E,92
13.03069973° N,77.63520050° E,123
13.03139973° N,77.69869995° E,22
13.03209972° N,77.63670349° E,1
13.03219986° N,77.66049957° E,25
13.03230000° N,77.57009888° E,86
13.03250027° N,77.55860138° E,2
13.03299999° N,77.56919861° E,13
13.03320026° N,77.60119629° E,24
13.03330040° N,77.56950378° E,1
13.03380013° N,77.55799866° E,12
13.03409958° N,77.50409698° E,68
13.03429985° N,77.55740356° E,2
13.03429985° N,77.55919647° E,27
13.03499985° N,77.60469818° E,39
13.03579998° N,77.56639862° E,31
13.03730011° N,77.67559814° E,5
13.03750038° N,77.53070068° E,347
13.03859997° N,77.66400146° E,13
13.03880024° N,77.56459808° E,216
13.03909969° N,77.56420135° E,2
13.04049969° N,77.51830292° E,53
13.04059982° N,77.51820374° E,16
13.04160023° N,77.61969757° E,1
13.04269981° N,77.54969788° E,12
13.04310036° N,77.54190063° E,2
13.04329967° N,77.50489807° E,12
13.04430008° N,77.57089996° E,40
13.04539967° N,77.62680054° E,163
13.04559994° N,77.50939941° E,820
13.04740047° N,77.64440155° E,126
13.04759979° N,77.57599640° E,18
13.04829979° N,77.50779724° E,41
13.04860020° N,77.51450348° E,93
13.04959965° N,77.60209656° E,112
13.04990005° N,77.59770203° E,15
13.05049992° N,77.48709869° E,12
13.05080032° N,77.50789642° E,2
13.05080032° N,77.56790161° E,19
13.05099964° N,77.62159729° E,154
13.05099964° N,77.61750031° E,3
13.05200005° N,77.63110352° E,3
13.05210018° N,77.64600372° E,221
13.05210018° N,77.64600372° E,2
13.05259991° N,77.51260376° E,11
13.05519962° N,77.59960175° E,40
13.05529976° N,77.76390076° E,20
13.05539989° N,77.60420227° E,5
13.05609989° N,77.57630157° E,141
13.05630016° N,77.57640076° E,254
13.05650043° N,77.57640076° E,2
13.05700016° N,77.50299835° E,20
13.05790043° N,77.64849854° E,6
13.05819988° N,77.63349915° E,507
13.05840015° N,77.54609680° E,2
13.05959988° N,77.59259796° E,4
13.06000042° N,77.50599670° E,4
13.06050014° N,77.58750153° E,1
13.06099987° N,77.57550049° E,5
13.06149960° N,77.64199829° E,1
13.06280041° N,77.59410095° E,1
13.06330013° N,77.58300018° E,39
13.06350040° N,77.59010315° E,2
13.06359959° N,77.57319641° E,2
13.06359959° N,77.59089661° E,55
13.06369972° N,77.50389862° E,36
13.06369972° N,77.64890289° E,28
13.06379986° N,77.57319641° E,2
13.06379986° N,77.59179688° E,1
13.06379986° N,77.64890289° E,2
13.06420040° N,77.64910126° E,84
13.06540012° N,77.64369965° E,9
13.06669998° N,77.59629822° E,15
13.06680012° N,77.55380249° E,53
13.06690025° N,77.74330139° E,37
13.06739998° N,77.49980164° E,53
13.06789970° N,77.63040161° E,59
13.06799984° N,77.62979889° E,60
13.06799984° N,77.60540009° E,100
13.06809998° N,77.60579681° E,35
13.06910038° N,77.55690002° E,19
13.06949997° N,77.55580139° E,23
13.06960011° N,77.55899811° E,451
13.06960011° N,77.65170288° E,4
13.06970024° N,77.50399780° E,102
13.06980038° N,77.50379944° E,8
13.06980038° N,77.50420380° E,5
13.06980038° N,77.50399780° E,83
13.06980038° N,77.56439972° E,87
13.06989956° N,77.50389862° E,2
13.07089996° N,77.50469971° E,267
13.07129955° N,77.65160370° E,24
13.07129955° N,77.65119934° E,38
13.07149982° N,77.65170288° E,38
13.07269955° N,77.60340118° E,79
13.07549953° N,77.55970001° E,23
13.07569981° N,77.60240173° E,1
13.07839966° N,77.55899811° E,106
13.07890034° N,77.55899811° E,23
13.08059978° N,77.55950165° E,7
13.08199978° N,77.55970001° E,1
13.08199978° N,77.54699707° E,28
13.08290005° N,77.56060028° E,2
13.08329964° N,77.64240265° E,7
13.08349991° N,77.64330292° E,1
13.08390045° N,77.64289856° E,54
13.08500004° N,77.63490295° E,163
13.08670044° N,77.61569977° E,283
13.08969975° N,77.63549805° E,2
13.08979988° N,77.58249664° E,4
13.09020042° N,77.54109955° E,16
13.09080029° N,77.60240173° E,1
13.09399986° N,77.58149719° E,15
13.09430027° N,77.59519958° E,2
13.09469986° N,77.59490204° E,80
13.09570026° N,77.60109711° E,1
13.09580040° N,77.60099792° E,5
13.09599972° N,77.60119629° E,1
13.09749985° N,77.57800293° E,14
13.09790039° N,77.58460236° E,9
13.09799957° N,77.56340027° E,72
13.09829998° N,77.56860352° E,59
13.09840012° N,77.57360077° E,6
13.09840012° N,77.57360077° E,58
13.09850025° N,77.57360077° E,153
13.09850025° N,77.57360077° E,55
13.09850025° N,77.57369995° E,1
13.09850025° N,77.57369995° E,3
13.09869957° N,77.59010315° E,1
13.09920025° N,77.58940125° E,11
13.09930038° N,77.58439636° E,1
13.09930038° N,77.58429718° E,2
13.09949970° N,77.56690216° E,8
13.10019970° N,77.58039856° E,4
13.10169983° N,77.56230164° E,197
13.10309982° N,77.57679749° E,9
13.10379982° N,77.62200165° E,15
13.10389996° N,77.57499695° E,14
13.11489964° N,77.57330322° E,45
13.11499977° N,77.56680298° E,36
13.11559963° N,77.63400269° E,78
13.12110043° N,77.61609650° E,4
13.12129974° N,77.61900330° E,114
13.12150002° N,77.61560059° E,31
13.12180042° N,77.62270355° E,3
13.12209988° N,77.63069916° E,37
13.12209988° N,77.63030243° E,4
13.15229988° N,77.62090302° E,115
13.26410007° N,77.71859741° E,49
13.26469994° N,77.71849823° E,2
13.34819984° N,74.78289795° E,1
13.34899998° N,74.78199768° E,157
13.35579967° N,74.79750061° E,53
13.35840034° N,77.10320282° E,106
13.93470001° N,75.57399750° E,37
14.46549988° N,78.83270264° E,77
14.65740013° N,77.58129883° E,8
14.67269993° N,77.60890198° E,2
14.86289978° N,74.12680054° E,9
15.15229988° N,76.92320251° E,41
15.15429974° N,76.90879822° E,13
15.27589989° N,76.38719940° E,24
15.35060024° N,75.11109924° E,75
15.35910034° N,75.12740326° E,24
15.35929966° N,75.12729645° E,33
15.45450020° N,75.00830078° E,49
15.79899979° N,78.05069733° E,30
15.82740021° N,78.03549957° E,17
16.19580078° N,77.34310150° E,14
16.54100037° N,81.52700043° E,1
16.54199982° N,81.50099945° E,1
16.62420082° N,81.73850250° E,1
16.70420074° N,81.11380005° E,3
16.70969963° N,81.09300232° E,9
16.71310043° N,81.10289764° E,8
16.71310043° N,81.09359741° E,4
16.75020027° N,78.00520325° E,33
16.75370026° N,81.68689728° E,8
16.85330009° N,75.71320343° E,21
16.95779991° N,82.23519897° E,28
16.99799919° N,82.24359894° E,1
16.99810028° N,82.24349976° E,14
17.06439972° N,79.26540375° E,12
17.32559967° N,76.85749817° E,47
17.32869911° N,76.83350372° E,73
17.53050041° N,73.51360321° E,1
17.59119987° N,78.08470154° E,16
17.67029953° N,75.88739777° E,8
17.98950005° N,79.59809875° E,30
17.99580002° N,79.55169678° E,69
18.08320045° N,78.85749817° E,21
18.10799980° N,83.39990234° E,58
18.29949951° N,83.90460205° E,35
18.39990044° N,76.55799866° E,9
18.43950081° N,79.12799835° E,1
18.57970047° N,73.73600006° E,2
18.57979965° N,73.73600006° E,131
18.58699989° N,73.70010376° E,80
18.58740044° N,73.70059967° E,8
18.58930016° N,73.99659729° E,188
18.59410095° N,73.72530365° E,7
18.59410095° N,73.72540283° E,4
18.63680077° N,73.79630280° E,85
18.66500092° N,73.80709839° E,113
18.66530037° N,73.72899628° E,8
18.66950035° N,78.10530090° E,34
18.78829956° N,78.29180145° E,11
19.15110016° N,73.24639893° E,10
19.17449951° N,73.23100281° E,1
19.17600060° N,73.22489929° E,89
19.19989967° N,73.19819641° E,3
19.20789909° N,72.98750305° E,59
19.21349907° N,73.10569763° E,62
19.21540070° N,73.19490051° E,1
19.21549988° N,73.10079956° E,104
19.21549988° N,73.10099792° E,33
19.21809959° N,73.08899689° E,77
19.22019958° N,73.17250061° E,52
19.22030067° N,73.17209625° E,1
19.22069931° N,73.17220306° E,12
19.22459984° N,73.13359833° E,1
19.22879982° N,72.98259735° E,48
19.22929955° N,73.12370300° E,40
19.23279953° N,73.15550232° E,35
19.23290062° N,73.15550232° E,1
19.24679947° N,73.14620209° E,23
19.25300026° N,73.13670349° E,121
19.25340080° N,73.13760376° E,64
19.26099968° N,73.14279938° E,1
19.28280067° N,72.87370300° E,55
19.28560066° N,72.86869812° E,39
19.28910065° N,72.86509705° E,202
19.29500008° N,72.85030365° E,68
19.29599953° N,72.84719849° E,5
19.34370041° N,72.80690002° E,5
19.38349915° N,72.82099915° E,11
19.40649986° N,72.82240295° E,108
19.40679932° N,72.82199860° E,56
19.41990089° N,72.81009674° E,35
19.44809914° N,72.81809998° E,13
19.45759964° N,72.80410004° E,53
19.46789932° N,72.80460358° E,116
20.53800011° N,76.18340302° E,1
20.95190048° N,86.13050079° E,9
21.21809959° N,81.32250214° E,3
21.21870041° N,81.33460236° E,24
21.25429916° N,81.64910126° E,53
21.26169968° N,81.58360291° E,31
21.27529907° N,81.68730164° E,3
21.70319939° N,72.99700165° E,15
22.05850029° N,88.07550049° E,34
22.07839966° N,82.15029907° E,19
22.09779930° N,82.16320038° E,4
22.22509956° N,84.81990051° E,4
22.24370003° N,84.82700348° E,3
22.54179955° N,72.94650269° E,83
22.55019951° N,72.93340302° E,24
22.62199974° N,88.41139984° E,13
22.62689972° N,88.35050201° E,62
22.63339996° N,88.46690369° E,4
22.65019989° N,88.35060120° E,39
22.65250015° N,88.37709808° E,94
22.66020012° N,88.43869781° E,4
22.66720009° N,88.33750153° E,51
22.67460060° N,88.35199738° E,34
22.67480087° N,88.35209656° E,7
22.74340057° N,88.35019684° E,3
22.79439926° N,86.18419647° E,21
22.79719925° N,86.17839813° E,47
22.80109978° N,86.20870209° E,1
22.80299950° N,86.20429993° E,9
22.81789970° N,86.17469788° E,6
22.82130051° N,86.21269989° E,3
22.94860077° N,88.44219971° E,54
23.16410065° N,79.93609619° E,53
23.18490028° N,72.62349701° E,22
23.18519974° N,72.63150024° E,3
23.51670074° N,87.34729767° E,1
23.53899956° N,87.29090118° E,4
23.68510056° N,86.94170380° E,10
23.69569969° N,86.95240021° E,4
23.82060051° N,86.47000122° E,14
23.82449913° N,86.48130035° E,27
23.82480049° N,91.27030182° E,6
23.83419991° N,91.28160095° E,3
24.58629990° N,73.71060181° E,3
24.61249924° N,73.70269775° E,1
24.80139923° N,85.00140381° E,8
24.80190086° N,85.00140381° E,7
25.01079941° N,88.13659668° E,9
25.13089943° N,75.82180023° E,1
25.13590050° N,75.85420227° E,2
25.13610077° N,75.85449982° E,4
25.16209984° N,75.86350250° E,2
25.51300049° N,90.21700287° E,20
25.56030083° N,91.90660095° E,3
25.65970039° N,94.09909821° E,117
25.67830086° N,94.10939789° E,83
25.69160080° N,85.21320343° E,3
25.91220093° N,93.71990204° E,3
26.13109970° N,85.38839722° E,6
26.20870018° N,78.18930054° E,2
26.20870018° N,78.16619873° E,1
26.20890045° N,78.19100189° E,1
26.21240044° N,78.19930267° E,48
26.21629906° N,78.18509674° E,2
26.40519905° N,90.27010345° E,3
26.46290016° N,74.63339996° E,5
26.48110008° N,74.63110352° E,4
26.64739990° N,84.92729950° E,80
26.65539932° N,92.77279663° E,24
26.74329948° N,83.38330078° E,5
26.75659943° N,83.37290192° E,2
26.80629921° N,84.51139832° E,30
26.88899994° N,81.05480194° E,21
26.92309952° N,81.17669678° E,3
26.98550034° N,94.63790131° E,39
27.10140038° N,93.62899780° E,15
27.10829926° N,93.69730377° E,41
27.48369980° N,95.38849640° E,28
27.49029922° N,77.65550232° E,4
27.60090065° N,75.14540100° E,4
28.19160080° N,76.81400299° E,206
28.31730080° N,77.55180359° E,112
28.43670082° N,77.54620361° E,1
28.45199966° N,77.52559662° E,1
28.45199966° N,77.52590179° E,2
28.45249939° N,77.52629852° E,11
28.45260048° N,77.52629852° E,9
28.45409966° N,77.52570343° E,148
28.45569992° N,77.52349854° E,1
28.45849991° N,77.55909729° E,1
28.46129990° N,77.55539703° E,1
28.46220016° N,77.54119873° E,1
28.46249962° N,77.55770111° E,14
28.46409988° N,77.50789642° E,17
28.47190094° N,77.51270294° E,1
28.47209930° N,77.51409912° E,4
28.47629929° N,77.55930328° E,41
28.47780037° N,77.52359772° E,32
28.47809982° N,77.52690125° E,29
28.47850037° N,77.52349854° E,46
28.48819923° N,77.51390076° E,16
28.49790001° N,77.51979828° E,25
28.51309967° N,77.52590179° E,64
28.54579926° N,77.54380035° E,1
28.55260086° N,77.05780029° E,3
28.55999947° N,77.05930328° E,76
28.56019974° N,77.05940247° E,136
28.57480049° N,77.06759644° E,159
28.58349991° N,77.07170105° E,145
28.58390045° N,77.07160187° E,23
28.58489990° N,77.05829620° E,1
28.58650017° N,77.04440308° E,57
28.58979988° N,77.07170105° E,81
28.59119987° N,77.05879974° E,49
28.59219933° N,77.04149628° E,155
28.59230042° N,77.04139709° E,43
28.59420013° N,77.05639648° E,2
28.59469986° N,77.04239655° E,67
28.59630013° N,77.04190063° E,1
28.59760094° N,77.03289795° E,1
28.59779930° N,77.04889679° E,229
28.59799957° N,77.04859924° E,70
28.60099983° N,77.04660034° E,3
28.60519981° N,77.05429840° E,1
28.60519981° N,77.05419922° E,3
28.61380005° N,77.03330231° E,1
28.61930084° N,77.02899933° E,69
28.62010002° N,77.03649902° E,257
28.62010002° N,77.03659821° E,97
28.62380028° N,77.06269836° E,160
28.65279961° N,77.12110138° E,1
28.65299988° N,77.14160156° E,62
28.65419960° N,77.18840027° E,2
28.65449905° N,77.13729858° E,1
28.65469933° N,77.14479828° E,18
28.65600014° N,77.13870239° E,100
28.65640068° N,77.14969635° E,1
28.65660095° N,77.14959717° E,4
28.65710068° N,77.14939880° E,2
28.66399956° N,77.09230042° E,61
28.66460037° N,77.08570099° E,114
28.66659927° N,77.12229919° E,3
28.66679955° N,77.12049866° E,36
28.66749954° N,77.09300232° E,4
28.66790009° N,77.22859955° E,6
28.67049980° N,77.12960052° E,31
28.67110062° N,77.13480377° E,38
28.67250061° N,77.10310364° E,288
28.67790031° N,77.20339966° E,20
28.68050003° N,77.20809937° E,104
28.68680000° N,77.19300079° E,20
28.68729973° N,77.17350006° E,45
28.68880081° N,77.12909698° E,14
28.69179916° N,77.15769958° E,38
28.69300079° N,77.17310333° E,81
28.69449997° N,77.15370178° E,5
28.69490051° N,77.15399933° E,1
28.69519997° N,77.20410156° E,22
28.69610023° N,77.20400238° E,14
28.69639969° N,76.92030334° E,3
28.69659996° N,77.11550140° E,3
28.69790077° N,77.20649719° E,3
28.69860077° N,77.20760345° E,18
28.69860077° N,77.20600128° E,211
28.69860077° N,77.09639740° E,1
28.69879913° N,77.20580292° E,4
28.69890022° N,77.20770264° E,3
28.70210075° N,77.20580292° E,24
28.70260048° N,77.14720154° E,38
28.70280075° N,77.12270355° E,68
28.70660019° N,77.11019897° E,58
28.70709991° N,77.13710022° E,13
28.70719910° N,77.16169739° E,10
28.70739937° N,77.20290375° E,48
28.70750046° N,77.15529633° E,24
28.70750046° N,77.20290375° E,3
28.70759964° N,77.11409760° E,2
28.70779991° N,77.11409760° E,2
28.70960045° N,77.12270355° E,1
28.71089935° N,77.16040039° E,9
28.71100044° N,77.21540070° E,86
28.71159935° N,77.08049774° E,35
28.71240044° N,77.13590240° E,2
28.71249962° N,77.13619995° E,3
28.71459961° N,77.12960052° E,36
28.72360039° N,77.12750244° E,24
28.73640060° N,77.12079620° E,11
28.73749924° N,77.13649750° E,67
28.74449921° N,77.11869812° E,128
29.96719933° N,77.54070282° E,3
30.21999931° N,74.95459747° E,3
30.34390068° N,76.37960052° E,4
30.34910011° N,76.37539673° E,2
30.62969971° N,76.77010345° E,327
30.63339996° N,76.82510376° E,124
30.63800049° N,76.81520081° E,333
30.65069962° N,76.82219696° E,116
30.65320015° N,76.85060120° E,26
30.65870094° N,76.73670197° E,1
30.67169952° N,76.85510254° E,129
30.67270088° N,76.85569763° E,113
30.69580078° N,76.84980011° E,184
30.69580078° N,76.84950256° E,58
30.70879936° N,76.65660095° E,271
30.71820068° N,76.65409851° E,1
30.72870064° N,76.67359924° E,"1,078"
30.82299995° N,76.73480225° E,12
32.03929901° N,75.40550232° E,7
32.10580063° N,76.53489685° E,85
32.66949844° N,74.89389801° E,36
33.73889923° N,75.13960266° E,52
34.07389832° N,74.81900024° E,3
34.07649994° N,74.77700043° E,12
